{
  "comment": "相机内参与畸变参数",
  "image_width": 1024,
  "image_height": 768,
  "sx": 0.266667, 
  "sy": 0.355556, 
  "fx": 1536.12326,
  "fy": 1537.25046,
  "cx": 1980.22235,
  "cy": 984.212929,
  "K": [
    [409.63341, 0.0, 528.05856],
    [0.0, 546.57863, 349.94314],
    [0.0, 0.0, 1.0]],
  "dist": [-0.0298497031, -0.0470898766, 0.00043382791, -8.25094149e-05, 0.01745439]
}
